{
    "4x-ESRGAN": {
        "PSNR": 28.876516645107515,
        "SSIM": 0.7247880910720027,
    },
    "4x-SPAN": {
        "PSNR": 23.864825592177933,
        "SSIM": 0.5083814886089155,
    },
    "4x-Transformer": {
        "PSNR": 26.661282526135288,
        "SSIM": 0.6371555847671204,
    }
}