{
    "4x-ESRGAN": {
        "PSNR": 20.871484969513816,
        "SSIM": 0.5346852975363796,
        "LPIPS": 0.3751853108406067
    },
    "4x-SPAN": {
        "PSNR": 17.019833593358253,
        "SSIM": 0.3530304996573363,
        "LPIPS": 0.48078517615795135
    },
    "4x-Transformer": {
        "PSNR": 19.654030504048848,
        "SSIM": 0.4935061314710936,
        "LPIPS": 0.3517901636660099
    }
}